S_1,0,248,31,0,8,16,0,8,16,0,8,16,0,8,16,0,8,16,0,8,16,0,8,16,0,8,16,0,248,31,0,0,0,0,0,0,0,0,0,0,0,0,0,0,0,0,0,0,0,0,0,0,0,0,0,0,0,0,0,0,0,0,0,0,0,0,0,0,0,0,0,0
V_1,0,0,0,0,0,0,1,0,0,1,0,0,1,0,0,1,0,0,1,0,0,1,0,0,1,0,0,1,0,0,1,0,0,1,0,0,1,0,0,1,0,0,1,0,0,1,0,0,1,0,0,1,0,0,1,0,0,1,0,0,0,0,0,0,0,0,0,0,0,0,0,0
H_1,0,0,0,0,0,0,0,0,0,0,0,0,0,0,0,240,31,0,0,0,0,0,0,0,0,0,0,0,0,0,0,0,0,0,0,0,0,0,0,0,0,0,0,0,0,0,0,0,0,0,0,0,0,0,0,0,0,0,0,0,0,0,0,0,0,0,0,0,0,0,0,0
C_1,0,0,0,0,0,0,0,248,0,0,6,3,128,1,12,64,0,16,0,0,0,32,0,32,8,0,0,16,0,64,0,0,0,0,0,0,0,0,0,0,0,0,16,0,64,8,0,0,0,0,32,32,0,0,64,0,16,128,0,12,0,7,3,0,248,0,0,0,0,0,0,0
N_1,0,40,128,8,1,196,108,112,80,20,136,16,107,196,132,4,64,65,80,2,37,24,27,100,130,118,128,1,131,40,8,145,35,224,145,37,73,39,131,128,194,10,18,41,172,6,160,136,82,248,164,36,41,0,12,0,12,24,58,80,25,24,9,6,8,0,248,69,3,196,0,2
S_2,0,0,0,252,255,31,4,0,16,4,0,16,4,0,16,4,0,16,4,0,16,4,0,16,4,0,16,4,0,16,4,0,16,4,0,16,4,0,16,4,0,16,4,0,16,4,0,16,4,0,16,4,0,16,4,0,16,252,255,31,0,0,0,0,0,0,0,0,0,0,0,0
V_2,4,0,0,4,0,0,4,0,0,4,0,0,4,0,0,4,0,0,4,0,0,4,0,0,4,0,0,0,0,0,0,0,0,0,0,0,0,0,0,0,0,0,0,0,0,0,0,0,0,0,0,0,0,0,0,0,0,0,0,0,0,0,0,0,0,0,0,0,0,0,0,0
H_2,0,0,0,0,0,0,252,255,3,0,0,0,0,0,0,0,0,0,0,0,0,0,0,0,0,0,0,0,0,0,0,0,0,0,0,0,0,0,0,0,0,0,0,0,0,0,0,0,0,0,0,0,0,0,0,0,0,0,0,0,0,0,0,0,0,0,0,0,0,0,0,0
C_2,0,0,0,0,0,0,0,0,0,128,63,0,96,64,0,16,128,0,8,0,1,2,0,2,0,0,0,4,0,0,0,0,0,0,0,0,0,0,0,4,0,0,2,0,2,8,0,0,16,0,1,32,128,0,192,96,0,0,31,0,0,0,0,0,0,0,0,0,0,0,0,0
N_2,56,16,153,128,61,13,80,0,0,128,194,0,198,50,129,196,0,46,52,10,9,0,1,24,65,32,0,192,169,242,193,130,5,108,7,48,68,42,35,24,193,144,142,0,2,16,130,2,136,25,144,16,40,38,44,226,4,4,0,166,112,34,4,184,120,64,60,135,128,129,65,12
S_3,0,0,0,0,0,0,0,0,0,0,0,0,0,0,0,0,0,0,0,0,0,0,0,0,0,0,0,0,0,0,0,224,31,0,32,16,0,32,16,0,32,16,0,32,16,0,32,16,0,32,16,0,224,31,0,0,0,0,0,0,0,0,0,0,0,0,0,0,0,0,0,0
V_3,1,0,0,1,0,0,1,0,0,1,0,0,1,0,0,1,0,0,1,0,0,1,0,0,1,0,0,1,0,0,1,0,0,1,0,0,1,0,0,1,0,0,1,0,0,1,0,0,1,0,0,1,0,0,1,0,0,0,0,0,0,0,0,0,0,0,0,0,0,0,0,0
H_3,224,3,0,0,0,0,0,0,0,0,0,0,0,0,0,0,0,0,0,0,0,0,0,0,0,0,0,0,0,0,0,0,0,0,0,0,0,0,0,0,0,0,0,0,0,0,0,0,0,0,0,0,0,0,0,0,0,0,0,0,0,0,0,0,0,0,0,0,0,0,0,0
C_3,0,0,0,0,252,0,0,3,3,128,0,12,64,0,16,32,0,0,16,0,32,4,0,0,0,0,64,8,0,0,0,0,0,0,0,0,0,0,0,8,0,0,0,0,64,4,0,0,16,0,32,32,0,0,64,0,16,128,0,12,0,7,3,0,248,0,0,0,0,0,0,0
N_3,10,20,37,0,0,0,64,164,50,215,130,8,0,128,96,49,0,64,8,161,17,19,33,44,68,0,234,22,1,128,200,180,224,17,47,32,5,160,17,148,25,82,112,17,32,192,59,0,128,66,26,13,128,5,160,22,41,160,74,64,32,0,81,129,82,98,4,145,72,64,4,145
S_4,0,0,0,0,0,0,0,0,0,0,0,0,0,0,0,0,0,0,254,255,3,2,0,2,2,0,2,2,0,2,2,0,2,2,0,2,2,0,2,2,0,2,2,0,2,2,0,2,2,0,2,2,0,2,2,0,2,2,0,2,2,0,2,254,255,3,0,0,0,0,0,0
V_4,0,0,0,0,0,0,0,0,0,0,0,0,0,0,0,16,0,0,16,0,0,16,0,0,16,0,0,16,0,0,16,0,0,16,0,0,16,0,0,16,0,0,16,0,0,16,0,0,16,0,0,16,0,0,0,0,0,0,0,0,0,0,0,0,0,0,0,0,0,0,0,0
H_4,0,0,0,0,0,0,254,0,0,0,0,0,0,0,0,0,0,0,0,0,0,0,0,0,0,0,0,0,0,0,0,0,0,0,0,0,0,0,0,0,0,0,0,0,0,0,0,0,0,0,0,0,0,0,0,0,0,0,0,0,0,0,0,0,0,0,0,0,0,0,0,0
C_4,0,0,0,0,0,0,0,0,0,0,252,0,0,3,3,192,0,4,32,0,8,0,0,16,16,0,0,4,0,32,8,0,0,0,0,0,0,0,0,0,0,0,0,0,0,8,0,0,4,0,0,16,0,32,0,0,16,32,0,8,64,0,4,128,1,3,0,254,0,0,0,0
N_4,180,240,133,13,130,16,4,2,36,33,0,16,3,5,202,56,85,6,16,4,21,80,18,161,0,50,67,8,41,65,4,9,3,96,168,113,6,214,38,98,161,4,8,72,169,16,171,54,64,112,114,0,82,141,52,10,29,32,49,33,9,72,37,96,66,145,72,53,149,139,3,4
S_5,0,0,0,0,0,0,0,0,0,0,0,0,0,0,0,0,0,0,0,0,0,0,0,0,0,0,0,0,0,0,0,0,0,0,0,0,0,0,0,0,0,7,0,0,5,0,0,7,0,0,0,0,0,0,0,0,0,0,0,0,0,0,0,0,0,0,0,0,0,0,0,0
V_5,0,0,0,0,0,0,64,0,0,64,0,0,0,0,0,0,0,0,0,0,0,0,0,0,0,0,0,0,0,0,0,0,0,0,0,0,0,0,0,0,0,0,0,0,0,0,0,0,0,0,0,0,0,0,0,0,0,0,0,0,0,0,0,0,0,0,0,0,0,0,0,0
H_5,0,0,0,0,0,0,0,0,0,0,0,0,0,0,0,0,15,0,0,0,0,0,0,0,0,0,0,0,0,0,0,0,0,0,0,0,0,0,0,0,0,0,0,0,0,0,0,0,0,0,0,0,0,0,0,0,0,0,0,0,0,0,0,0,0,0,0,0,0,0,0,0
C_5,0,0,0,0,124,0,128,131,1,64,0,6,32,0,8,16,0,16,0,0,0,8,0,32,0,0,0,0,0,0,4,0,0,0,0,0,4,0,0,0,0,0,0,0,0,8,0,32,0,0,0,16,0,16,32,0,8,64,0,6,128,131,1,0,124,0,0,0,0,0,0,0
N_5,65,28,203,26,64,66,16,168,57,2,208,14,65,112,132,4,69,13,6,0,176,208,58,2,9,88,144,66,140,70,34,1,166,3,81,118,119,0,210,0,128,12,1,1,22,0,157,128,224,194,228,104,0,34,88,32,132,49,56,32,37,107,58,36,1,64,8,78,65,9,1,0
